{
  "project_info": {
    "project_number": "1098314235860",
    "firebase_url": "https://taxi-app-adnantjeexx-default-rtdb.firebaseio.com",
    "project_id": "taxi-app-adnantjeexx",
    "storage_bucket": "taxi-app-adnantjeexx.appspot.com"
  },
  "client": [
    {
      "client_info": {
        "mobilesdk_app_id": "1:1098314235860:android:e41d96a640a467d8f86041",
        "android_client_info": {
          "package_name": "com.adnantjeexx.taxiappdrivers"
        }
      },
      "oauth_client": [
        {
          "client_id": "1098314235860-86c3qu91js9uso4elkorphaqa5kepv56.apps.googleusercontent.com",
          "client_type": 1,
          "android_info": {
            "package_name": "com.adnantjeexx.taxiappdrivers",
            "certificate_hash": "9208ec4803e1c4df007608567e3a58d253a02b93"
          }
        },
        {
          "client_id": "1098314235860-549clak6lv9djnct3hfinni55cap55ee.apps.googleusercontent.com",
          "client_type": 3
        }
      ],
      "api_key": [
        {
          "current_key": "AIzaSyBjOgl3iBibwhtkqc5OkzIT12kBfh6y0rE"
        }
      ],
      "services": {
        "appinvite_service": {
          "other_platform_oauth_client": [
            {
              "client_id": "1098314235860-549clak6lv9djnct3hfinni55cap55ee.apps.googleusercontent.com",
              "client_type": 3
            },
            {
              "client_id": "1098314235860-32aniilcfchbemgbrjl8uo5g1pt4dbi0.apps.googleusercontent.com",
              "client_type": 2,
              "ios_info": {
                "bundle_id": "com.adnantjeexx.taxiappriders"
              }
            }
          ]
        }
      }
    },
    {
      "client_info": {
        "mobilesdk_app_id": "1:1098314235860:android:8aedab530cf802edf86041",
        "android_client_info": {
          "package_name": "com.adnantjeexx.taxiappriders"
        }
      },
      "oauth_client": [
        {
          "client_id": "1098314235860-srsgfvfu5mkm8pf6khoffmsi258lbdn9.apps.googleusercontent.com",
          "client_type": 1,
          "android_info": {
            "package_name": "com.adnantjeexx.taxiappriders",
            "certificate_hash": "9208ec4803e1c4df007608567e3a58d253a02b93"
          }
        },
        {
          "client_id": "1098314235860-549clak6lv9djnct3hfinni55cap55ee.apps.googleusercontent.com",
          "client_type": 3
        }
      ],
      "api_key": [
        {
          "current_key": "AIzaSyBjOgl3iBibwhtkqc5OkzIT12kBfh6y0rE"
        }
      ],
      "services": {
        "appinvite_service": {
          "other_platform_oauth_client": [
            {
              "client_id": "1098314235860-549clak6lv9djnct3hfinni55cap55ee.apps.googleusercontent.com",
              "client_type": 3
            },
            {
              "client_id": "1098314235860-32aniilcfchbemgbrjl8uo5g1pt4dbi0.apps.googleusercontent.com",
              "client_type": 2,
              "ios_info": {
                "bundle_id": "com.adnantjeexx.taxiappriders"
              }
            }
          ]
        }
      }
    }
  ],
  "configuration_version": "1"
}